From:     Digestifier <Linux-Activists-Request@news-digests.mit.edu>
To:       Linux-Activists@news-digests.mit.edu
Reply-To: Linux-Activists@news-digests.mit.edu
Date:     Wed, 25 Mar 92 13:45:16 EST
Subject:  Linux-Activists Digest #155

Linux-Activists Digest #155, Volume #1           Wed, 25 Mar 92 13:45:16 EST

Contents:
  RESULT: comp.os.linux passes: 858: 5 (Theodore Ts'o)

----------------------------------------------------------------------------

From: tytso@ATHENA.MIT.EDU (Theodore Ts'o)
Subject: RESULT: comp.os.linux passes: 858: 5
Reply-To: tytso@athena.mit.edu
Date: Wed, 25 Mar 1992 18:36:19 GMT

Here are the voting results on the creation of an unmoderated newsgroup
titled "comp.os.linux".  Voting commenced on 2/20/92 and concluded on
3/20/92.

        Yes votes: 858
         No votes: 5

The newsgroup should be created created after the mandatory five day
"waiting period" which starts after the voting results actually appear
in news.announce.newgroups, during which the net will have a chance to
correct any errors in the voter list or the voting procedures.

                                        - Ted

People who voted AGAINST the creation of comp.os.linux:

barrett@cc.gatech.edu                           (James C. Barrett)
meggin@epas.utoronto.ca                         (David Megginson)
visti@sauna.cs.hut.fi                           (Hannu Visti)
paulg@tplrd.tpl.oz.au                           (Paul Gittings)
mehta@ucunix.san.uc.EDU                         (mehta)

People who voted FOR the creation of comp.os.linux:

alpha3!russell                                  (Russell Schulz)
dreagan!dale                                    (Dale E. Reagan)
kjc386!cummings                                 (Kevin J. Cummings)
mit-eddie!cd.amdahl.com!jcc50                   (Joe Cwick)
mit-eddie!gatech!dreaml.wariat.org!jga          (Jon Anhold)
mit-eddie!gatech!osceola.cs.ucf.edu!edus!rcp    (R. C. Perkins)
mit-eddie!juts.ccc.amdahl.com!szb50             (Sid Boyce)
mit-eddie!uts.amdahl.com!wis                    (Widjaja Sugiri)
pogo!rjg                                        (Bob Gibson)
think!ames!amdcad!pyrps5.eng.pyramid.com!fschulz (F. Schulz)
think!ames!buster.stafford.tx.us!rli            (Buster Irby)
think!ames!claris!voder!nsc!gpo.nsc.com!sinclair%spi.dnet (David Sinclair NSC CIM)
think!ames!cs.utexas.edu!wotan!moxie!uhura1!bryan  (Bryan Curnutt)
think!ames!cs.washington.edu!sumax!polari!january
think!ames!seer.mystic.com!owen                 (Owen Cooper)
think!ames!tanggul.lonestar.org!andy            (Andy Luhur)
think!rutgers!epas.utoronto.ca!nyama!jad        (Jose Dias)
think!rutgers!felix.filenet.com!preston         (Preston Bannister)
think!rutgers!qst1.tcc.com!bill                 (The system operator)
think!rutgers!scocan.sco.com!simon              (Simon Tooke)
think!rutgers!tc.fluke.com!dcd                  (David Dyck)
think!rutgers!ttd.teradyne.com!nichols          ("Richard Nichols")
think!rutgers!wb3ffv.ampr.org!ceadg!jack
think!trystro!mikc                              (Michael Coughlin)
utacfd!mdaeng!rwn                               (Ralph Noack)
utrurt!lau                                      (lau)
wilbur!pca54!ng                                 (Mark Ng)
vendidf@51-aix2.aix.kingston.ibm.com            (David Farmer)
KSJRN@ALASKA.BITNET                             ("CareBear..." )
eichin@ATHENA.MIT.EDU                           ("Mark W. Eichin")
diego@Athena.MIT.EDU
gamadrid@Athena.MIT.EDU
khchiang@Athena.MIT.EDU
pshuang@Athena.MIT.EDU
GUTEST5@BLEKUL11.BITNET
MWNORMAN@BNR.CA                                 (Michael (M.W.) Norman)
NNHUT@BNR.CA                                    (Nhut (N.) Nguyen)
FREYDER@CPVA.SAIC.COM                           (Stephen D. Freyder - (619) 458-2625)
opac!brian%OPAC.osl.or.gov@CS.ORST.EDU          (BRIAN MCBEE)
darken-christian@CS.YALE.EDU                    ("Christian J. Darken")
UPSYF173@Comparex.HRZ.Uni-Bielefeld.DE          (Wolfgang Thiel)
UKNF@DKAUNI2.BITNET                             ("Olaf Titz")
PPH93@DMSWWU1A.BITNET                           (Thomas Heller)
Epstein@DOCKMASTER.NCSC.MIL
TEMARI@ECAMV1.dnet.ge.com
ARIEDEL@ESTEC.BITNET                            (Asbjorn Riedel WGE)
johnh@FICUS.CS.UCLA.EDU                         (John Heidemann)
fermigie@FRULM63.BITNET
fermigie@FRULM63.BITNET                         (Stefane Fermigier)
U379005@HNYKUN11.BITNET
dxn@Invaders.dcrl.nd.EDU                        (Deepak Narain)
bschnell@Jade.Tufts.EDU
Takahiro.Noguchi@Japan.Sun.COM                  (Takahiro Noguchi - Nihon Sun System Engineer)
bdg@LTE.E-TECHNIK.uni-erlangen.de               (Karlheinz Brandenburg)
jbm%speedy.UUCP@Larry.McRCIM.McGill.EDU         (John B. McCluskey)
lewis%lammbrau.UUCP%bnrmtl.UUCP@Larry.McRCIM.McGill.EDU (Pierre LEWis)
MAREB@Levels.UniSA.Edu.Au
steve@MITL.COM                                  (Stephen Johnson)
ZIMMERMN@MLPVM2.VNET.IBM.COM                    ("Doug Zimmerman")
QUEENBEE@MSUS1.MSUS.EDU                         (that unknown horror we call love)
st17k@Menudo.UH.EDU                             (Mike Bowers)
gmo@MicroUnity.com                              (Guillermo A. Loyola)
RICHARD@NET.EBT.ANRJ.BR                         (Richard Sabah)
gbailey@NMSU.Edu
EOAHMAD@NTUVAX.BITNET
adams@PDV2.FMR.MASCHINENBAU.TH-DARMSTADT.DE     (Adams)
ljt3@PL118f.CC.Lehigh.EDU                       (Lewis)
CXC19$@PSUVM.PSU.EDU
MXD120@PSUVM.PSU.EDU                            ("Beaker")
Hannes.Faestermann@Physik.TU-Muenchen.DE
Klaus.Weidner@Physik.TU-Muenchen.DE
lbruck@Pix.COM                                  (Lewis Bruck)
dam1@Ra.MsState.Edu                             (Daniel A. Martin)
ACPS7125@RyeVm.Ryerson.Ca                       (David Tengler)
ACPS7221@RyeVm.Ryerson.Ca                       (Michael Caro)
bright@SCTC.COM                                 (Dave Bright)
edpajd@Skferc.NL
meajjk@Skferc.NL
Richard.Sharman@Software.Mitel.COM              (Richard Sharman)
V5068U@TEMPLEVM.BITNET                          (jim wiegand)
TEDLAW@TOROLAB6.VNET.IBM.COM                    ("Theodore C. Law")
SJMILBER@TWSUVAX.BITNET
dm@Think.COM                                    (dave mankins)
Bob Doolittle <rad@Think.COM>
LONGSHOT@VAX1.Mankato.MSUS.EDU                  (Roy Batty)
Jeff.Collins@West.Sun.COM                       (Jeff Collins)
dnk@aaii.oz.au                                  (David Kinny)
ASTGM@acad2.alaska.edu                          ("MCCARTY TOM G")
maxwell@acsu.buffalo.edu                        (john h maxwell)
jwjung@adam.kaist.ac.kr                         (Jung Joowon)
adf@aficom.ocunix.on.ca                         (andrew farmer)
mwbutle@afterlife.ncsc.mil                      (Mark Butler)
pjangli@afterlife.ncsc.mil                      (Philip Anglin)
cwitty@ai.mit.edu                               (Carl Witty)
awb@aisb.edinburgh.ac.uk
gritton@alaska.caedm.byu.edu                    (Jamie Gritton)
usenet@alcbel.be                                (Gratien D'haese)
dvesely@alcor.concordia.ca                      (DAVID F VESELY )
dexter@alessia.dei.unipd.it                     (Michele Mauro 342258/IF)
yamakawa@allston.tcs.com                        (Naomi Yamakawa)
maine@altair.dfrf.nasa.gov                      (Richard Maine)
rrusk@amber.ssd.csd.harris.com                  (Bob Rusk)
bg11+@andrew.cmu.edu                            ("Brian E. Gallew")
dd26+@andrew.cmu.edu                            ("Douglas F. DeJulio")
gabe@angus.mi.org                               (B. Gabriel Helou)
hgv@anubis.network.com                          (Harry G. Varnis)
colbert@aplcomm.jhuapl.edu                      (Colbert Edward S3M x4076 )
aek@apple.com                                   (Al Kossow)
peterw@archsci.arch.su.OZ.AU
msf@as.arizona.edu                              (Michael Fulbright)
jbr@astro.Princeton.EDU                         ("John B Rogerson")
colbert@astro.UMD.EDU                           (Edward J.M. Colbert)
dab@asylum.sf.ca.us                             (Dave Bridgham)
paula@atc.boeing.com                            (Paul Allen)
nop@att2.cs.Mankato.MSUS.EDU
cbb3413@aw2.fsl.ca.boeing.com                   (Calvin B. Bradley)
thr9637@aw2.fsl.ca.boeing.com                   (Thomas H. Rinderknecht)
tih@barsoom.nhh.no                              (Tom Ivar Helbekkmo)
ece511ah@bass.gmu.edu                           (ece511 account)
st@bbl.be                                       (Simon Townsend)
peters@beltrix.guild.org                        (Peter Sleggs)
bhenning@bhamiwimsey.bc.ca                      (William E. Henning)
goodloe@birdland.b11.ingr.com                   (tony goodloe)
skousong@bones.caedm.byu.edu                    (gary b skouson)
davison@borland.com                             (Wayne Davison)
juengst@boss1.physik.uni-bonn.de                (Henry G. Juengst)
M.J.H.Cox@bradford.ac.uk                        (Mark Cox)
bhall@bragg.phys.uwm.edu.phys.uwm.edu           (Burl M. Hall)
jrc@brainiac.mn.org                             (Jeffrey Comstock)
davison@bruce.cs.monash.edu.au                  (Andrew Davison)
cs89rdb@brunel.ac.uk                            (Roger D Binns)
Andrew.Michael@brunel.ac.uk                     (Andrew J Michael)
sequent.UUCP!nosun!jaizer.hf.intel.com!jerry@bu.edu (Jerry Gaiser)
rodeen@buddha.ncc.umn.edu                       (Rick Odeen)
bernd@bwhwob.bs.open.de                         (Bernd Wiegmann)
drew@caesar.cs.Colorado.EDU                     (Drew Eckhardt)
zaft@caritas.cotdazr.org                        (Gordon C. Zaft)
hpa@casbah.acns.nwu.edu                         (H. Peter Anvin N9ITP)
twdjaja@cat.syr.edu                             (Tety Djaja)
dad@cats.UCSC.EDU                               (David Darknell)
linville@catt.ncsu.edu                          (John W. Linville)
Murray_RJ@cc.curtin.edu.au
duggan@cc.gatech.edu                            (Rick Duggan)
pniemi@cc.helsinki.fi                           (Pekka Niemi)
sinkkone@cc.helsinki.fi                         (Janne Sinkkonen)
wirzeniu@cc.helsinki.fi                         (Lars Wirzenius)
torvalds@cc.helsinki.fi                         (Linus Benedict Torvalds)
my74496@cc.tut.fi                               (Ylit|rm{ Marco)
schmke@cco.caltech.edu                          (Kevin Todd Schmidt)
watpod65@ccs.carleton.ca                        (Andrew Cornwall)
ori@ccsg.tau.ac.il                              (Ori Pomerantz)
umthom61@ccu.UManitoba.CA                       (Adam Thompson)
ifau362@ccwf.cc.utexas.edu
james968@ccwf.cc.utexas.edu                     (James Hammett)
ifai645@ccwf.cc.utexas.edu                      (Paul C. Janzen)
alliot@cenatls.cena.dgac.fr                     (Jean-Marc Alliot)
payre@cerics.cerics.fr                          (Francois Payre)
raj@cfa272.harvard.edu                          (Raj Manandhar)
d_smith@chef.bristol-poly.ac.uk                 (Dylan Smith)
rafetmad@cheshire.oxy.edu                       (David R. Giller)
blum@cip-s01.informatik.rwth-aachen.de          (Robert Blum)
dirkst@cip-s01.informatik.rwth-aachen.de        (Dirk Steinberg)
u31b3hs@cip-s01.informatik.rwth-aachen.de       (Michael Haardt)
weiler@cis.ohio-state.edu                       (Jerry Weiler)
balasub@cis.ohio-state.edu                      (Krishna Balasubramanian)
dahlhaus@cis.ohio-state.edu                     (kevin dahlhausen)
tsnider@cis.ohio-state.edu                      (theresa snider)
root@citecuc.citec.oz.au                        (System PRIVILEGED Account)
acharltona@cix.compulink.co.uk                  (Alan Charlton)
snowboots@cix.compulink.co.uk                   (Andrew Bray)
devans@cix.compulink.co.uk                      (dave evans)
John.Beaven@cl.cam.ac.uk
ade@clark.edu                                   (Adrian Miranda)
dursi@clavius.stmarys.ca                        (Jonathan Dursi)
ap096@cleveland.Freenet.Edu                     (Kevin P. Dahlhausen)
ai295@cleveland.Freenet.Edu                     (Leonard Bell)
ak751@cleveland.Freenet.Edu                     (Mark Saltzman)
ptuomola@clinet.FI                              (Petri Tuomola)
bwhite@cobra.camb.inmet.com                     (Bill White)
hlu@coea.wsu.edu                                (Hongjiu Lu)
richard@cogs.sussex.ac.uk                       (Richard Harry)
bdale@col.hp.com                                (Bdale Garbee)
rjohnson@colgatehost.colgate.edu
bellamy@commerce.uq.oz.au
dpg@computer-science.nottingham.ac.uk           (Dave Gymer)
koef@comsat.hacktic.nl                          (Hans van Koeveringe)
abc@concert.net                                 (Alan B Clegg)
nolet@concour.cs.concordia.ca
tooley@concour.cs.concordia.ca                  (Doug Tooley)
Ilpo.Kantonen@convex.csc.fi                     (Ilpo Kantonen )
stevew@convx1.dseg.ti.com                       (Steve Wootton)
devine@cookie.enet.dec.com                      (Bob Devine)
edelson@corto.inria.fr
lenarzul@corto.inria.fr
alan@cory.berkeley.edu                          (Al Petrofsky)
dimitris@cperi.forth.gr                         (Dimitris Hatzopoulos)
paoletti@cps.msu.edu
reidc@cpsc.ucalgary.ca                          (Christopher Reid)
bobs@crdec7.apgea.army.mil                      ("J.R.Suckling")
rick@crick.ssctr.bcm.tmc.edu                    (Richard H. Miller)
djl@crosfield.co.uk                             (david legg)
pmd@crosfield.co.uk                             (phil davis)
rattan@crs.cl.msu.edu                           (Ishwar Rattan)
nelson@crynwr.com                               ("Russell Nelson")
jds@cs.UMD.EDU                                  (James da Silva)
william@cs.anu.edu.au                           (William Sun)
cjeffery@cs.arizona.edu                         ("Clinton Jeffery")
cgy@cs.brown.edu                                (Curtis Yarvin)
wcn@cs.brown.edu                                (Wen-Chun Ni)
jkp@cs.hut.fi                                   (Jyrki Kuoppala)
tvr@cs.hut.fi                                   (Teemu Rantanen)
jpussi@cs.joensuu.fi                            (Jarmo Pussinen)
prikala@cs.joensuu.fi                           (Pasi Rikala)
jws@cs.mu.OZ.AU                                 (Jeff Schultz)
jorgej@cs.rpi.edu
jorgej@cs.rpi.edu                               (Joaquim Jorge)
kurt@cs.tamu.edu                                (Kurt Freiberger)
phealy@cs.tcd.ie                                ("Paul Healy, EI9GL")
deogrady@cs.tcd.ie                              (Darragh O'Grady)
kk@cs.tu-berlin.de                              (Kolja Kaehler)
pk@cs.tut.fi                                    (Kellom{ki Pertti)
h108373@cs.tut.fi                               (Hakkarainen Kimmo)
pl87440@cs.tut.fi                               (Petri Latva-Rasku)
martin@cs.ualberta.ca                           ("Tim Martin; FSO; Soil Sciences")
jyelon@cs.uiuc.edu                              (Josh Yelon)
jrichard@cs.ulowell.edu                         (John (MacGyver) Richardson)
gmartin@cs.umr.edu
poirier@cs.unc.edu                              (Dan Poirier)
cullip@cs.unc.edu                               (Timothy Cullip)
toman@cs.uoregon.edu                            (joseph toman)
lanceo@cs.utexas.edu
aatdev!gmg@cs.utexas.edu                        (Gary Godfrey)
rhwang@cs.utexas.edu                            (Rwo-Hsi Wang)
moore@cs.utk.edu
terwindt@cs.utwente.nl                          (Alfred Terwindt)
chiting%garfield.cs.wisc.edu@cs.wisc.edu
mt@cs.wisc.edu                                  (Manolis Tsangaris)
dws@cs.wisc.edu                                 (DaviD W. Sanderson)
hollings@cs.wisc.edu                            (Jeff Hollingsworth)
jcargill@cs.wisc.edu                            (Jon Cargille)
g-step@cs.yorku.ca                              ("Neal Stephenson")
brk102@csc.albany.edu                           (Brian King)
hamilton@csc.wcc.govt.nz
cmf851@cscgpo.anu.edu.au                        (Albert Langer)
cj_watts@csd.bristol-poly.ac.uk                 (Chris Watts)
p_copela@csd.bristol-poly.ac.uk                 (Philip Copeland)
zebulon@csd.uwo.ca                              (Scott Feeney)
jbthiel@cse.ogi.edu                             ("John B. Thiel")
ssweeney@cse.unl.edu                            (Steven Sweeney)
dws@cseg03.uark.edu                             (David W. Summers)
jack@csi.UOttawa.CA                             (Jacques Sincennes)
runge@csmd                                      (Sylvio Runge)
wayne@csri.toronto.edu                          (Wayne Hayes)
john@csrnxt1.ae.utexas.edu                      (John R. Schutz)
gonzalod@csv-tgsc                               (Gonzalo Diethelm)
don@cujo.curtin.edu.au                          (Don Griffiths)
peter@cujo.curtin.edu.au                        (Peter N Lewis)
Orion@cup.portal.com
vj@cxa.daresbury.ac.uk                          ("D. Hines")
pchris@daimi.aau.dk
poe@daimi.aau.dk
tthorn@daimi.aau.dk
jbell@danger.enet.dec.com                       (Jeff Bell)
steveq@dap.csiro.au                             (Stephen Quigg)
nicky@davinci.concordia.ca
euzebio@dcc.unicamp.ansp.br                     (Marcos J. C. Euzebio)
choma@dccs.upenn.edu                            (Peter Choma)
simonm@dcs.glasgow.ac.uk                        (Simon Marlow)
haldane@dcs.warwick.ac.uk                       (Steve Sykes)
alfie@dcs.warwick.ac.uk                         (Nick Holloway)
kw@dde.dk                                       (Kurt Wachmann)
andrew@ddsw1.mcs.com                            (Andrew Gilbert)
marcelo@deadzone.princeton.edu.UUCP
etlmike@deep-thought.ericsson.se                (Mike Wilcox)
pietro@deis35.cineca.it                         (Pietro Caselli)
tim@dell.co.uk
kaufman@delta.eecs.nwu.edu                      ("Michael L. Kaufman")
kgthe@descartes.waterloo.edu                    (Geoffrey The)
mjruther@descartes.waterloo.edu                 (Mike Rutherford)
rwsoukor@descartes.waterloo.edu                 (Rob Soukoreff)
rick@dfwdsr.SINet.SLB.COM
kan@dg-rtp.dg.com                               (Victor Kan)
ponds!rivers@dg-rtp.dg.com                      (Thomas David Rivers)
edc@dgbt.doc.ca                                 (Ed Casas)
jablo@diku.dk                                   (Jacob Martin Bohn Lorensen)
dingbat@diku.dk                                 (Niels Skov Olsen)
kenny@dit.lth.se                                (Kenny Ranerup)
klund@dobbs.cambridge.ma.us                     ("Kent H Lundberg")
rbj@druhi.att.com
mbm@dsbc.icl.co.uk                              (Malcolm Mladenovic)
olli@dsv.su.se                                  (Olli Vesanto )
d0ess@dtek.chalmers.se
d1slim@dtek.chalmers.se
d7stfax@dtek.chalmers.se
toepfer@du9ds4.uni-duisburg.de.uni-duisburg.de  (Hansjoerg Toepfer)
wolff@dutecai.et.tudelft.nl                     (Rogier Wolff)
winfoos@duticai.tudelft.nl                      (Enno Oosterhuis)
marc@dwp.la.ca.us                               (Marc Hall)
vaz@eagle.TC.cornell.edu                        (Craig Metz)
jwl@eastrg1.cray.com                            (Jim Lynch)
volf@eb.ele.tue.nl                              (Frank Volf)
harrism@ecn.purdue.edu                          (Matthew M Harris)
helz@ecn.purdue.edu                             (Randall A Helzerman)
jbs@ecn.purdue.edu                              (Spaggie)
garlangr@ecn.purdue.edu                         (Mark T Garlanger)
mrd@ecs.southampton.ac.uk                       (Mark Dobie)
torf@edb.tih.no
gillham@edmund.cs.andrews.edu                   (Andrew Gillham)
carpentc@edmund.cs.andrews.edu                  (Chad Carpenter)
miyazaki@ee.Princeton.EDU                       ("Takeshi Miyazaki")
miyazaki@ee.Princeton.EDU                       (Takeshi Miyazaki)
entropy@ee.WPI.EDU                              (Lawrence C. Foard)
kaul@ee.eng.ohio-state.edu                      (Rich Kaul)
ulan@ee.ualberta.ca                             (Dale Ulan)
ingima@ee.ualberta.ca                           (William Ingimarson)
l00017@eeyore.stcloud.msus.edu                  (Networking Research)
krej@electrum.kth.se                            (Kristian Ejvind )
MARMILLOD@elpp6.epfl.ch                         (Philippe Marmillod EPFL)
chan@emav33.webo.dg.com                         (Allen Chan)
ron_p@empire.cce.cornell.edu                    ("Ron Pool")
ghart@ems.cdc.com                               (Geoffrey Hart)
pultar@engin.swarthmore.edu                     (Giray Pultar)
afgun@engin.umich.edu                           (Andrew F. Gunnesch)
plph@engin.umich.edu                            (Mark Montague)
cab3@engr.uark.edu                              (Chad A. Bersche)
ssd@engr.ucf.edu                                (Steven Dick)
dsimon@eniac.seas.upenn.edu                     (Derron Simon)
fcoutant@ensisps4.imag.fr
ejohnson@enuxha.eas.asu.edu                     (Eric R. Johnson)
jose@epas.utoronto.ca                           (Jose Dias)
cmb@epcc.edinburgh.ac.uk                        (Colin Brough)
duncan@erim.org                                 (Robert Duncan)
dennis@ersys.edmonton.ab.ca                     (Dennis Wong)
Anders.Franzen@eua.ericsson.se
haertel@euclid.uoregon.edu                      (Mike Haertel)
chessman@europa.asd.contel.com                  (Samuel S. Chessman)
der@ews010.atl.hp.com                           (Dave Ritchie)
exukirk@exu.ericsson.se                         (Chris Kirk)
spa@fct.unl.pt                                  (Salvador Pinto Abreu)
mvore@fedix.fie.com                             (Mike Vore - W3CCV)
yman@fees.vut.edu.au                            (Y.M. NG)
gl8f@fermi.clas.Virginia.EDU                    (Greg Lindahl)
tw@fgb1.fgb.mw.tu-muenchen.de
rburns@finess.Corp.Sun.COM                      (Randy Burns)
wuerfel@forwiss.uni-passau.de                   (Uwe Wuerfel)
wiljo@freeside.ki.open.de                       (Wiljo Heinen)
hinklen@frith.egr.msu.edu                       (Nicholas Hinkle)
pacman@frmug.fr.mugnet.org                      (Fred Pacquier)
sean@fs03.webo.dg.com                           (Sean White)
banks@fuji.ee.byu.edu                           (James Banks)
koopal@fwi.uva.nl                               (Andre Koopal (I89))
lankeste@fwi.uva.nl                             (Branko Lankester)
brandsma@fwi.uva.nl                             (Jurriaan Arne (I89))
olivierp@fwi.uva.nl                             (P.Olivier)
hooft@fys.ruu.nl                                (Rob Hooft)
loughlin@gagme.chi.il.us                        (Jeff Loughlin)
timkin@gamma.srcc.msu.su                        ("Igor V. Timkin")
huntley@garbo.cs.indiana.edu                    ("Haydn Huntley")
root@gbdata.com                                 (Gary Clark II )
ma8caf@gdt.bath.ac.uk                           (Chris Fletcher)
D.R.Allum@gdt.bath.ac.uk                        (Dave Allum)
ajh@gec-mrc.co.uk                               (Andrew Haylett)
shigeo@genesis.Berkeley.EDU                     (Shigeo Ishihara)
scott@geom.umn.edu
osynw@giac1.oscs.montana.edu                    (Nate Williams)
kbass@gmuvax2.gmu.edu                           (Ken Bass)
grutz@gnu.ai.mit.edu
hunt@gnu.ai.mit.edu
hodgen@greco.uni-koblenz.de                     (Wayne Hodgen)
huangcf@guardian.cs.psu.edu                     (Chih-Fong Huang)
ramesh@guru.b17a.ingr.com                       (V. Ramesh Sharma)
ralphs@halcyon.com                              (Ralph Sims)
jack@headless.larc.nasa.gov                     (Jack Dunn)
wpd@helios.ece.arizona.edu                      (Bill Delaney)
nolan@helios.unl.edu                            (Michael Nolan)
n9044398@henson.cc.wwu.edu                      (Eric_Munson)
mdw@hojo.larc.nasa.gov                          (Mike Weisenborn)
grf@homer.tredydev.unisys.com                   (George Finnin)
krotz@honey.rtsg.mot.com                        (Dammit Jim I'm a doctor not a programmer!)
wstenson@honmavd.mavd.honeywell.com             (Wayne M. Stenson MN15-2502)
andy@hoskyns.co.uk                              (Andy Rutter)
kraft@hotspur.gac.edu                           (Steven Kraft)
pmcgilla@hp.uwsuper.edu                         (Patrick L. McGillan)
nt%jupiter.hpl.hp.com@hplb.hpl.hp.com           (Nicolas Tripon)
baker@hpspksa.spk.hp.com                        (Bill Baker)
uwe.huebner@hrz.tu-chemnitz.de                  (Uwe Huebner)
prao%hcfmail@hub.ucsb.edu                       (Parik Rao)
tdtyl@hubcap.clemson.edu                        (theodore d taylor)
olev@hulk.cs.hut.fi
maziere1@husc.harvard.edu
whitney2@husc.harvard.edu
carlton@husc.harvard.edu                        (david carlton)
goldberg@iastate.edu
spam@iastate.edu
willmore@iastate.edu                            ("David Willmore")
MFRERIC@ibm.gwdg.de                             (Martin Frerichs)
ibmpa!cds.austin.ibm.com!speri@ibminet.awdpa.ibm.com (S. Periyasamy)
schoenfr@ibr.cs.tu-bs.de                        (Erik Schoenfelder)
schoenw@ibr.cs.tu-bs.de                         (Juergen Schoenwaelder)
mafetter@ichips.intel.com                       (Michael A. Fetterman)
stark@icsun.sunnet.ithaca.edu                   (Kris Stark)
mds@id.dth.dk                                   (Impedantzer)
davpa@ida.liu.se                                (David Partain)
marsj@ida.liu.se                                (Martin Sjolin)
mikoh@ida.liu.se                                (Mikael Ohlsson)
x91thoha@ida.liu.se                             (Thomas Hall)
mul@idefix                                      (Tjeerd Mulder)
ca@idefix.informatik.uni-kiel.dbp.de            (Claus Assmann)
iznogood@iesd.auc.dk                            (Lars Albertsen)
abraham@iesd.auc.dk                             (Per Abrahamsen)
vinter@iesd.auc.dk                              (Vinter Brian)
ingea@ifi.uio.no                                (Inge Arnesen)
larsha@ifi.uio.no                               (Lars H}kedal)
mortenro@ifi.uio.no                             (Morten Rolland)
Hallvard.Paulsen@imm.unit.no
ryb@inel.gov                                    (Raymond Born)
devet@info.win.tue.nl                           (Arjan de Vet)
steinkod@informatik.tu-muenchen.de              (Dirk Steinkopf)
hb@informatik.uni-kiel.dbp.de                   (Harald Bloedorn)
uho@informatik.uni-kiel.dbp.de                  (Ulrich Hoffmann)
hohndel@informatik.uni-wuerzburg.de             (Dirk Hohndel)
kleemann@informatik.uni-wuerzburg.de            (Fritz Kleemann)
krumke@informatik.uni-wuerzburg.de              (Sven-Oliver Krumke)
ibel@informatik.uni-wuerzburg.de                (ibel)
goran@infovox.se                                (G|ran Bostr|m )
bob@inmos.com                                   (Bob Green)
darryl@inmos.com                                (Darryl Cross)
Herve.Soulard@inria.fr
Julien.Maisonneuve@inria.fr
moroz@inzer.steepler.msk.su                     (Oleg Moroz)
lindig@ips.cs.tu-bs.de
S_WIEZORKE@iravcl.ira.uka.de
tjh@iris.mincom.oz.au                           (Tim Hudson)
Thierry.Priol@irisa.fr                          (Thierry Priol)
sbyrnes@is.rice.edu                             (Steven Patrick Byrnes)
hideki@is.s.u-tokyo.ac.jp
bjorgvin@isbank.is                              (Bjorgvin Askelsson)
junrue@isis.cs.du.edu                           (Jack D. Unrue)
jtwiss@isis.cs.du.edu                           (Justin Twiss)
david@istwok.ods.com                            (David Engel)
mwe@isy.liu.se                                  (Mikael Wedlin)
zebedee!geoffc@iuvax.cs.indiana.edu             (Geoffrey Coan)
fisher@ivy.dt.navy.mil                          (Steven Fisher)
haible@izfm386i.fertigungstechnik.uni-stuttgart.de (Pascal Haible)
suhonen@jalka.jyu.fi                            (Timo Suhonen)
jwinstea@jarthur.Claremont.EDU                  ("Jim Winstead Jr.")
cliff@jarthur.Claremont.EDU                     (Clifford Stein)
peter@jarthur.Claremont.EDU                     (Peter Belding)
gg@jet.uk                                       (gordon grant)
warren@julian.uwo.ca                            (A Warren Pratten)
jac@jupiter.Sun.CSD.unb.ca                      (Jim Canning)
Frihagen@jur.uib.no
Tuomas.Siren@jyu.fi                             (Tuomas 'Snow' Siren)
mke@kaberd.rain.com                             (Michael J. Miller Jr.)
r36110m@kaira.hut.fi                            (Mika Matti Jalava)
t36306u@kaira.hut.fi                            (Pontus Lindman)
ted@kayos.Levels.UniSA.Edu.Au                   (Ted Bullen)
vahapassi@kiloapo.tele.nokia.fi                 (Vahapassi Jussi)
sef@kithrup.com                                 (Sean Eric Fagan)
hedrick@klinzhai.rutgers.edu                    (Charles Hedrick)
jtkohl@kolvir.elcr.ca.us                        (John T Kohl)
vogt@komsys.tik.ethz.ch                         (Martin Vogt)
pcarmack@kpc.com                                (Phil Carmack)
jp@kullmar.se                                   (Johan.Persson)
lwood@landau.ucdavis.edu                        (Lynn Scott Wood)
bir7@leland.stanford.edu
gaia@leland.stanford.edu
a0356514@let.rug.nl                             (H.H. Bergman)
bboston@libserv1.ic.sunysb.edu                  (Boston)
Szikora@licr.ucl.ac.be                          (J-P. Szikora)
harlick@lindy.Stanford.EDU                      (Will Clark)
vindvad@lise.unit.no                            (Hans Vindvad)
rwatson@loki.une.edu.au                         (Richard Watson)
peters@london                                   (Dan Peters)
Julian.Anigbogu@loria.fr
siglun@lotka.teorekol.lu.se                     (Sigfrid Lundberg)
mark@lowton.rn.com                              (Mark Powell)
wally@lpds.sublink.org                          (Walter Pelissero)
andrew@lsa.ncl.omron.co.jp                      (Andrew Walduck)
ccdps@lux.levels.unisa.edu.au                   (ccdps)
joachim@lysator.liu.se
stolk@lysator.liu.se
haible@ma2s2.mathematik.uni-karlsruhe.de        (Bruno Haible)
rogers@magi.ncsl.nist.gov                       (Willie Rogers)
dohm@magnus.acs.ohio-state.edu                  (Peter J Dohm)
kdahlhau@magnus.acs.ohio-state.edu              (Kevin P Dahlhausen)
rb@mail.bmt.uni-stuttgart.de                    (Ralf Bauer)
pl0124@mail.psi.net                             ("Steven C. Perkins")
stevez@mallet.med.ge.com                        (Steve Zanoni 5-4325)
LeBlanc@manchester-computing-centre.ac.uk
latzko@marsenius.rutgers.edu                    (Alex Latzko)
card@masi.ibp.fr                                (Remy CARD)
breant@masi.ibp.fr                              (francois BREANT)
P.J.Plane@massey.ac.nz
moews@math.berkeley.edu                         (David Moews)
kxb@math.ksu.edu                                (Karl R. Buck)
bengtl@maths.lth.se                             (Bengt Larsson)
tim@maths.tcd.ie                                (Timothy Murphy)
steve@maths.warwick.ac.uk                       (Steve Rumsby)
andre@maties.sun.ac.za                          (Andre B Skarzynski)
bets@matt.ksu.ksu.edu                           (Beth Schwindt)
danny@matt.ksu.ksu.edu                          (Daniel Clemons)
martin@matt.ksu.ksu.edu                         (Martin C. Johnston)
raycole@matt.ksu.ksu.edu                        (Ray Cole)
brtmac@maverick.ksu.ksu.edu                     (Brett McCoy)
gunter@mbfys.kun.nl                             (Gunter Windau)
vic@mbfys.kun.nl                                (Victor Langeveld)
rothstei@mcs.kent.edu
owen@meiko.co.uk
smart@mel.dit.csiro.au                          (Bob Smart)
ac@mema.ucl.ac.be                               (Alain Couniot)
karl@merlin.ac.duke.edu
peterd@merlin.dev.cdx.mot.com                   (Peter Desnoyers)
hergo@mesma.Boerde.DE                           (Hergo Pape)
marcmil@microsoft.com
bof@midget.saar.sub.org                         (Patrick Schaaf)
alanp@mik.uky.edu
dennisf@miles.miles.com                         (Dennis Flaherty)
yee@ming.mipg.upenn.edu                         (Conway Yee)
martin@minster.york.ac.uk
pete@minster.york.ac.uk
s874330@minyos.xx.rmit.OZ.AU                    (Martin Peter Howell)
peters@mips2.ma30.bull.com                      (Dan Peters)
phillip@mirriwinni.ee.adfa.oz.au                (Phillip Musumeci)
Thorsten_Kitz@mk.maus.de                        (Thorsten Kitz)
kcr@mlb.semi.harris.com                         (Keighley Ross)
hans@mo.hobby.nl
unison@mo.hobby.nl
uucp@mo.hobby.nl
lambada!cory@moe.rice.edu                       (Cory West)
justice@moeng2.minc.umd.edu                     (Joseph R. Justice)
barnesdo@mozart.cs.colostate.edu                (douglas barnes)
t900801@mp.cs.niu.edu                           (gregg diana lynn)
schilz@mpii01002.cs.uni-sb.de
jayh@ms.uky.edu                                 (Jay Hofacker)
randy@ms.uky.edu                                (Randy Appleton)
josevela@mtecv2.mty.itesm.mx                    (Jose A. Vela A.)
yanek@mthvax.cs.miami.edu                       (Yanek Martinson)
danielce@mullian.ee.Mu.OZ.AU                    (Daniel AMP Carosone)
des@musashi.wpd.sgi.com                         (Des Young)
d88-man@nada.kth.se
nv90-mho@nada.kth.se
luca@napoleon.eetech.mcgill.ca                  (Luca Martini)
fisher@nas.nasa.gov                             (Steven C. Fisher)
kbahey@ncrsaud.saudiarabia.NCR.COM              (Khalid Bahey-elDin)
jplevyak@ncsa.uiuc.edu                          (John Plevyak)
anthony@nella5.cc.monash.edu.au                 (Anthony Baxter)
droege@nemo.uni-koblenz.de                      (Detlev Droege)
almesber@nessie.cs.id.ethz.ch                   (Werner Almesberger)
mrs@netcom.com                                  (Morgan Schweers)
raj@netcom.com                                  (Roger Lee)
aclark@netcom.com                               (Al Clark)
andrew@netcom.com                               (Andrew Lagodzinski)
gary@netcom.com                                 (Gary Messenbrink)
wongi@netcom.com                                (Isaac Wong)
mcafee@netcom.com                               (McAfee Associates)
mont@netcom.com                                 (Mont Pierce)
stevew@netcom.com                               (Steven Wilson)
T.A.Lau@newsstand.cit.cornell.edu               (Tessa Lau)
battjt@nextwork.rose-hulman.edu
davecb@nexus.yorku.ca                           (David Collier-Brown)
awozniak@nike.calpoly.edu                       (The WOZ)
boevidar@nki.no                                 (Vidar Boe)
rdc30@nmrdc1.nmrdc.nnmc.navy.mil                ("LCDR Michael E. Dobson")
apr%dec001.ziap.wtza-berlin.de@noc.belwue.de    (Andreas Priebe)
millert@nordsieck                               ("Todd C. Miller")
Gunnar.Sylthe@nsd.uib.no                        (Gunnar Sylthe)
nick@nsis.cl.nec.co.jp                          (Gavin Thomas Nicol)
corsini@numero6.greco-prog.fr                   (Marc CORSINI)
Steve@nyongwa.cam.org
jmaynard@oac.hsc.uth.tmc.edu                    (Jay Maynard)
scfisher@oasys.dt.navy.mil                      (Fisher)
rjhe@oce.nl                                     (Rob Hegt)
peter@ocean.geol.scarolina.edu                  (Peter Hoffman)
defron@ocf.Berkeley.EDU                         (Daniel Efron)
raff@oliveb.ATC.Olivetti.Com                    (Raffaele Sena)
msagen@onramp.calpoly.edu                       (Morgen)
bboards@optical.bms.com
ed@orca.wimsey.bc.ca                            (Ed Rodda)
rbrewer@orville.psu.edu                         ("Robert W. Brewer")
kawamoto@osa.dec.com                            (Gess who ?)
taylor@oswego.Oswego.EDU                        (Paul R. Taylor)
PSYXSGP@otago.ac.nz
alexk@otc.research.otca.oz.au
dowler@otter.phys.UVic.CA                       (Pat Dowler)
clayton@oyster.smcm.edu
henkp@paramount.nikhefk.nikhef.nl               (Henk Peek)
holly@pc-labor.uni-bremen.de                    (Holger Duerer)
dbell@pdact.pd.necisa.oz.au
sfr@pdact.pd.necisa.oz.au                       (Stephen F. Rothwell)
tselling@peabody.iusb.indiana.edu               (Teresa Selling)
heim@peanuts.informatik.uni-tuebingen.de
schmidt@peanuts.informatik.uni-tuebingen.de     ("kunz ...")
broman@peanuts.nosc.mil                         (Vincent Broman)
csa@pennies.sw.stratus.com                      (Chris Arthur)
sverre@pepper.rc.Nokia.Fi                       (Sverre Slotte RC 943)
ramecs%car@ph.gmr.com                           (Chris Rende)
rod@philips.oz.au                               (Rod Roberts)
volkmuth@phoenix.Princeton.EDU
grweiss@phoenix.Princeton.EDU                   ("Gregory R. Weiss")
insight@phoenix.Princeton.EDU                   (Student Consulting Initiative)
pfalstad@phoenix.Princeton.EDU                  (Paul Falstad)
shem@phoenix.oulu.fi                            (Janne Himanka)
suopanki@phoenix.oulu.fi                        (Heikki Suopanki)
IJW11@phx.cam.ac.uk
sidney@picard.med.ge.com                        (Bill Sidney MPE 4-6324)
teskey@plains.NoDak.edu                         ("Dr. Snake Voivod")
berg@plains.NoDak.edu                           (James Berg)
EINSTEIN@plh.af.mil                             (DAVE EINSTEIN)
erc@plitvice.berkeley.edu                       (Eric Ng)
erc@pogo.Corp.Sun.COM                           (Ed Carp)
hanson@pogo.fnal.gov                            (Steve Hanson)
mdurkin@polyslo.csc.calpoly.edu                 (Michael S. Durkin)
mikec@praxis.co.uk                              (Michael Chace)
Mark.Bush@prg.oxford.ac.uk
Phil.Richards@prg.oxford.ac.uk
gt0501c@prism.gatech.edu                        (Ben Combee)
gt0178a@prism.gatech.edu                        (Jim Burns)
msmits@prl.philips.nl
rpb@psy.oxford.ac.uk                            (Ray Bellis)
stephen@psychology.leeds.ac.uk                  (Stephen Gallimore)
rick@pubah.hq.af.mil                            (Rick J Weldon)
pham@px4.stfx.ca                                (Hai Pham)
cs9h1mmc@pyramid.swansea.ac.uk                  ("m.connell")
cs9h0arb@pyramid.swansea.ac.uk                  (A R Bateman)
cgwillme@pyramid.swansea.ac.uk                  (r b willmersdorf)
talvola@qin.Berkeley.EDU                        (Erik Talvola)
brian_court@qmbridge.calstate.edu               ("Brian Court")
henke@qt.IPA.FhG.de                             (Juergen Henke)
lalonde@qucis.queensu.ca                        (Paul Lalonde)
murph@quest.med.ge.com                          (Kevin Murphey 5-4277)
CSB602LEUNG@qut.edu.au
lwiddifi@ra.UVic.CA                             (Lionel Widdifield)
ahle@ra.abo.fi                                  (Peter Ahlskog DC)
matti@ra.abo.fi                                 (Matti Huvila DC)
micke@ra.abo.fi                                 (Mikael Salonaho DC)
shachar@ramon.bgu.ac.il                         (Shachar Fleishman)
CHRISC@ramrod.lmt.mn.org                        ("Chris Cox  W0/G4JEC" )
super@rapnet.sanders.lockheed.com               (Michael A. Super x3654)
matti@raunvis.hi.is                             (Marteinn Sverrisson)
skyfire!jbeavers@raven                          ("Jay C. Beavers")
bob@rdplan.pc.ocunix.on.ca                      (Bob Peterson)
Henning.Spruth@regent.e-technik.tu-muenchen.dbp.de (Henning Spruth)
mch1@regent.e-technik.tu-muenchen.de            ("Michael Hermann.")
Henning.Spruth@regent.e-technik.tu-muenchen.de  (Henning Spruth)
maestro!miquels@relay.nluug.nl                  (Miquel van Smoorenburg)
woj@remus.rutgers.edu
richard@resumix.portal.com                      (Richard Davis)
einari@rhi.hi.is                                (Einar Indridason)
adam@rice.edu                                   (Adam Justin Thornton)
mmorg@rice.edu                                  (Matthew Dustin Morgan)
corywest@rice.edu                               (Cory Richard West)
kossack@rice.edu                                (Jordan Marc Kossack)
summers@riemann.calspan.com                     (Michael S. Summers)
eps@rieska.oulu.fi                              (Erkka Sutinen)
weasel@rieska.oulu.fi                           (Kari Salmela)
brians@rigel.cs.pdx.edu                         (Brian Smith)
jayward@rigel.cs.pdx.edu                        (Jay Ward)
andrew@rnivh.rni.sub.org                        (Andrew Wheadon)
torsten@rnivh.rni.sub.org                       (Torsten Leibold)
robsch@robkaos.GUN.de                           (Robert Schien)
jon@robots.oxford.ac.uk
numb@root.co.uk                                 (Matthew Newman)
ajt@rowett.scot-agric-res-inst.ac.uk            (Tony Travis)
deangm@rpi.edu                                  (Michael Christopher Deangelo)
coxs2@rpi.edu                                   (Sean C. Cox)
grundy@rtf.bt.co.uk                             (Martin Grundy)
Havard.Eidnes@runit.sintef.no
dik@rwp.dsto.oz.au                              (David Kettler)
petit@rxf.ibp.fr                                ( Pascal PETIT )
quale@saavik.cs.wisc.edu                        (Douglas E. Quale)
rbf@sactoh0.SAC.CA.US                           (Bruce Ferrell)
asg@sage.cc.purdue.edu                          (Bruce Varney)
keithe@sail.labs.tek.com                        (Keith Ericson)
nao@sala.sony.co.jp                             (HAMADA Naoki)
aberg@sandman.cs.hut.fi
pmacdona@sanjuan.UVic.CA                        (Peter MacDonald)
jcs@saturn.accelr8.com                          (Joe Steger)
arl@sauna.cs.hut.fi                             (Ari Lemmke)
jem@sauna.cs.hut.fi                             (Johan Myreen)
kroe@sbcs.sunysb.edu                            (KiYun Roe)
hhuang@sbee.sunysb.edu                          (Hsin-Yuan Huang)
drs0587@sc.tamu.edu                             (Dave Safford)
charless@sco.COM                                (Charles Stross)
charless@sco.COM                                (Charlie Stross)
tmm@sdd.hp.com                                  (Tim McDonough)
perry@seq.uncwil.edu                            (Steve Perry)
cwilson@seq.uncwil.edu                          (c t wilson)
csx18@seq1.keele.ac.uk                          ("C.M." Yearsley)
dafuller@sequent.com                            (David Fuller)
brougham@sfu.ca                                 (Chris Brougham)
battle@shadowfax.knox.tn.us                     (David Battle)
v892231@si.hhs.NL                               (Edvard Tuinder)
v892536@si.hhs.nl                               (Es)
boyce@sifvs9.SINet.SLB.COM                      (David Boyce)
kremer@sisd.sisd.Kodak.COM                      (Karl Heinz Kremer)
obz@sisd.sisd.Kodak.COM                         (Orest Zborowski)
glover@skdad.usask.ca
shimpi@slow.cs.usu.edu                          (Anirudha Shimpi)
tom@smart.bo.open.de                            (Thomas Neumann)
gj9362@smaug.sbc.com                            (Gregg Jensen)
merklw@sniabg.wa.sni.de                         (Werner Merkl)
cm445a17@socrates.umd.edu                       (cm445a17)
pdhatchm@socs.uts.EDU.AU
paul@softway.sw.oz.au                           (Paul Antoine)
lwiddif@sol.UVic.CA
hetrick@sparky.eeel.nist.gov                    (Paul Hetrick)
re@spinoza.enpc.fr                              (Rolf EBERT)
bergstro@src.honeywell.com                      (Pete Bergstrom)
les@sri.org.au                                  (Les Penridge)
aw1@stade.co.uk                                 (Adrian Wontroba)
dtc@stan.xx.swin.OZ.AU                          (CROSHER D)
johnsonm@stolaf.edu                             (Michael K. Johnson)
guenther@stolaf.edu                             (Philip A Guenther)
jennings@stortek.com                            (Jeff Jennings x7855 MS2286)
ggeorge@student.business.uwo.ca                 (Gerry E. George)
boyer@sumax.seattleu.edu                        (Chuck Boyer)
malcolmr@sun.pcl.ac.uk                          (Malcolm Ray)
mathieu@sun470.geod.emr.ca                      (Pierre Mathieu)
stephan@sunlab.ka.sub.org                       (Stephan Niemz)
klehr@sunspot.ece.clarkson.edu                  (Thomas J. Klehr)
denb@sutro.SFSU.EDU                             (Dennis R. Bournique)
jburnes@swbatl.sbc.com                          (Jim Burnes - 235-7444)
ers@swlrgc.msd.ray.com                          (EDWARD SHEA)
ken@syd.dit.csiro.au
phil@sydney.insession.oz.au
gkm@sys6626.bison.mb.ca                         (greg moeller)
arttu@tahma.cs.hut.fi                           (Arttu Laine)
peter@taronga.com                               (Peter da Silva)
fenster@taveng.enet.dec.com                     (Yaacov Fenster)
graham@tcom.stc.co.uk                           (Graham Bardsley)
chip@tct.com                                    (Chip Salzenberg)
achim@techfak.uni-bielefeld.de                  (Achim Neumann)
eru@tele.nokia.fi                               (Erkki Ruohtula)
mike@telematics.com                             ("Mike Lilie")
colbert@therm.jhuapl.edu                        ("Edward J. M. Colbert")
dfenyes@thesis1.med.uth.tmc.edu                 (David Fenyes)
spedpr@thor.cardiff.ac.uk                       (Paul Richards)
unger@thorin.swb.de                             (Juergen Unger)
schulte@thp.Uni-Koeln.DE
panisset@thunder.McRCIM.McGill.EDU              (Jean-Francois Panisset )
arun@tinton.ccur.com                            (Arun Kandappan)
white@titan.tsd.arlut.utexas.edu                (Eric White)
s3679988@titan.ucc.umass.edu                    (Craig I. Hagan)
suzuki@tkl.iis.u-tokyo.ac.jp                    (Suzuki Shinji)
gvdg@tophat.cdh.cdc.com
zdxh0a@trc.amoco.com                            (Douglas Horn)
techs@triton.unm.edu                            (Erik Fichtner)
chen@tsuji-lab.ce.osaka-u.ac.jp                 (Qian Chen)
Frommann@tu-harburg.dbp.de                      (Olaf Frommann)
sdb@tuna.net.com                                (Steve Beisner)
jeells@u.washington.edu                         (Jarod Eells)
V206GB6C@ubvms.cc.buffalo.edu
stansell@ucdavis.edu                            (Steven T. Ansell)
RREED@ucf1vm.cc.ucf.edu                         (Reginald Reed)
yoshio@ucrmath.ucr.edu                          (yoshio nakamura)
strombrg@ucunix.san.uc.EDU                      (Dan Stromberg)
zuazaga@ucunix.san.uc.EDU                       (Humberto Ortiz-Zuazaga)
schneiml@ucunix.san.uc.EDU                      (Michael L. Schneider)
gxlr07@udcf.glasgow.ac.uk                       (Brian Syme)
legrady@ug.cs.dal.ca                            (Tom Legrady)
lee@uhunix.uhcc.Hawaii.Edu                      (Greg Lee )
Ove.R.Olsen@uib.no                              (Ove Ruben R Olsen)
nemossan@uitec.ac.jp                            (NEMOTO Sakurao)
usstpjv@uk.co.barclays.usstdec                  (Paul Vickers)
djg1@ukc.ac.uk                                  ("D.J.Gardner")
mbb@ukc.ac.uk                                   ("Mark....Booth")
db1@ukc.ac.uk                                   (Damiano Bolla)
jcun@ukmug.uk.mugnet.org                        (James Cunningham)
MBLOCH@ulys.unil.ch                             (Michael Bloch, U of Lausanne, Switzerland)
bmandrsn@umaxc.weeg.uiowa.edu                   (Bryan M. Andersen)
charlie@umnstat.stat.umn.edu                    ("Charles Geyer")
cs00pfs@unccvax.uncc.edu                        (p. schell)
ecsvax!jrw@uncecs.edu                           (James R. White)
gusar@uniwa.uwa.oz.au                           (Sean A Reith)
comrade@uniwa.uwa.oz.au                         (Peter Cooper)
mas@unix.brighton.ac.uk                         (Mike Smith)
clyde2@unix.cis.pitt.edu                        ("James C Elder")
owens@unix1.j6.eucom.mil                        (Kerry F. Owens)
zhao@unixg.ubc.ca                               (Jiansheng Zhao)
lewallen@uoftcse.cse.UTOLEDO.edu                ("James H. Lewallen")
hild@up2001.dnet.gwdg.de                        ("UP2001::HILD")
keener@upenn5.hep.upenn.edu                     (Paul T. Keener)
j_virkki@upr2.clu.net                           (Jyri J. Virkki)
schweitzer@urz.unibas.ch                        (Bert Schweitzer)
pnakada@us.oracle.com                           (Paul Nakada)
ramesh@utdallas.edu                             ("R. Ramesh")
venky@utdallas.edu                              ("S. Venkatesan")
yuanyin@utdallas.edu                            (Yuanyin Wu)
bsc835!ehunt@uunet.UU.NET                       (Eric P. Hunt)
sdl!tom_limoncelli@uunet.UU.NET                 (Tom Limoncelli)
crpi!joel@uunet.UU.NET                          (Joel C. Justen)
algor2!jeffrey@uunet.UU.NET                     (Jeffrey Kegler)
modcomp!nigel@uunet.UU.NET                      (Nigel Gamble)
capitol!turner@uunet.UU.NET                     (Simmy Turner)
modcomp!srp@uunet.UU.NET                        (Steve Pietrowicz)
optigfx!optisun17!mrm@uunet.UU.NET              (Mike Murphy)
pmcgw!personal-media.co.jp!ishikawa@uunet.UU.NET (Chiaki Ishikawa)
enewton@uunet.uu.net
keinstr!dahlhaus@uunet.uu.net
lyons@uunet.uu.net
modcomp!rss!jgreen@uunet.uu.net
breinhar@uunet.uu.net                           ("Bob Reinhardt x4409")
ichlibix!gagnon@uunet.uu.net                    (Jf Gagnon)
tld@uwslh.slh.wisc.edu                          (Thomas L. Dunnick)
csn0140@ux.acs.umn.edu                          ("tim")
simmdan@ux1.isu.edu                             (Daniel Simmons)
ddd42961@uxa.cso.uiuc.edu                       (Daniel D Deavours)
hcg6805@uxa.cso.uiuc.edu                        (Heien-Kun  Chiang)
mrl28033@uxa.cso.uiuc.edu                       (Michael R Linksvayer)
ral45184@uxa.cso.uiuc.edu                       (sPiNdRy )
inge@va-ngnet.army.mil                          (Richard Inge)
vectr01t@vax.csun.edu
TONY@vax.oxford.ac.uk                           (Tony Kew)
KENC@vaxb.acs.unt.edu                           ("Ken Corey, CSCI Major...")
JOHNM@vaxc.cc.monash.edu.au                     (John Mann)
meulenbr@vdp-he.ce.philips.nl                   (Frans Meulenbroeks)
george@ve7frg.ampr.ORG                          (George Farris)
rlguye@vela.acs.oakland.edu                     (Ron L. Guye)
laca@vipunen.hut.fi                             (Laszlo C Balint)
jaroharj@vipunen.hut.fi                         (Markus Aroharju)
ramo@vipunen.hut.fi                             (Pauli R{m|)
sseelema@visions.UVic.CA                        (Sven  Seelemann)
chas@visionware.co.uk                           (Charles Hirst)
scooper@vizlab.rutgers.edu                      (Simon P. Cooper)
Roger_McCarthy@vos.stratus.com
tfleming@vtssi.vt.edu                           (Todd Fleming)
curt@vtucs.cc.vt.edu                            (Curt Tilmes)
herman@vuse.vanderbilt.edu                      (Herman van der Molen)
opsadm%uspfo.wa-ngnet.army.mil@wa-ngnet.army.mil                                ("John Pruett")
HAMISH@waikato.ac.nz                            (Hamish Marson)
chris@wallaby.Pac.Sc.ti.com                     (Chris Frank)
joel@wam.umd.edu                                (Joel M. Hoffman)
kleinow@warhol.art.umich.edu
huehn@waterloo.hp.com                           (Rob Huehn)
rypma@waterloo.hp.com                           (Ted Rypma)
mks!u36!sean@watserv1.uwaterloo.ca              (Sean Goggin)
derek@watson.ibm.com                            ("Derek Lieber")
nrt@watson.ibm.com                              (Nicholas R. Trio)
tlass@weber.UCSD.EDU                            (Teresa Lass)
stewart@wimsey.bc.ca                            (Jim Stewart)
spock@windchime.arc.nasa.gov                    (Phillip Smith)
max@winona.mwc.com                              (Max Feldstine)
digilab@world.std.com                           (BioRad Digilab)
ggray@wpi.WPI.EDU                               (Gary P Gray)
jcaproni@wpi.WPI.EDU                            (Joseph Barry Caproni)
profesor@wpi.WPI.EDU                            (Matthew E Cross)
ear@wpi.WPI.EDU                                 (Mr. Neat-O [tm])
thkeil@wpi.WPI.EDU                              (Thomas H Keil)
dugan@wri.com
rob@wzv.win.tue.nl                              (Rob J. Nauta)
sulkanen@xanth.msfc.nasa.gov                    (Martin Sulkanen - NRC/ES65)
leisner.henr801c@xerox.com
dean@xocolatl.com                               (Mr Oblivious)
sje@xylos.ma30.bull.com                         (Steven J. Edwards)
tucker@yuppie.enet.dec.com                      (David Tucker)
egdorf@zaphod.lanl.gov                          (Skip Egdorf)
aronov@ziggy.poly.edu                           (Boris Aronov)

------------------------------


** FOR YOUR REFERENCE **

The service address, to which questions about the list itself and requests
to be added to or deleted from it should be directed, is:

    Internet: Linux-Activists-Request@NEWS-DIGESTS.MIT.EDU

You can send mail to the entire list (and alt.os.linux) via:

    Internet: Linux-Activists@NEWS-DIGESTS.MIT.EDU

Linux may be obtained via one of these FTP sites:
    nic.funet.fi				pub/OS/Linux
    tsx-11.mit.edu				pub/linux
    tupac-amaru.informatik.rwth-aachen.de	pub/msdos/replace

The current version of Linux is 0.95a released on March 17, 1992

End of Linux-Activists Digest
******************************
